title,author_name,first_publish_year
Harry Potter,Insight Insight Editions,2020
Harry Potter,Insight Editions,2017
Harry Potter,Insight Editions,2020
Harry Potter,Cedco Publishing,2003
Harry Potter,Frédérique Deviller,2001
Harry Potter!,Anthony M. Swinsinski,2005
Harry Potter,,2001
Harry Potter,,2002
Harry Potter,,2001
Harry Potter ,,2002
Harry Potter,Lourdes C. Sifontes Greco,2011
Harry Potter,,2002
Harry Potter,J.K. Rawoling,1992
Harry Potter,Jody Revenson,2014
Harry Potter,Jody Revenson,2015
Harry Potter ,,2002
Harry Potter,Scholastic Inc.,
Harry Potter,Scholastic Inc.,2001
Harry Potter,Isabelle Samdja,2004
Harry Potter,Susan M. Gunelius,2008
Harry Potter,Jody Revenson,2014
Harry Potter,Jerry Brubaker,2001
Harry Potter,,2002
Harry Potter,Robert W. Smith,2001
Harry Potter,British Library,2017
Harry Potter,British Library,2018
Harry Potter,Jody Revenson,2015
Harry Potter,Andrews McMeel Publishing,2004
Harry Potter,Scholastic,2016
Harry Potter,,1997
Harry Potter,,2018
Harry Potter,Joan Moloney,
Harry Potter,Jody Revenson,2016
Harry Potter,Insight Editions,2020
Harry Potter,S. Gunelius,2008
Beatrix Potter to Harry Potter,Julia Eccleshare,2002
Harry Potter Deluxe Journal #2 (Harry Potter),Dena Neusner,2002
Harry Potter Lantern Journal (Harry Potter),Cedco Publishing,2002
Harry Potter Three Friends Journal (Harry Potter),Cedco Publishing,2002
Harry Potter Poster (Azkaban) (Harry Potter),Zzz,2000
Harry Potter Ila Fortuna de Harry Potter,,2001
The Official Harry Potter Calendar (Harry Potter),,2003
Aventuras Con Harry - Harry Potter,J. K. Rowling,2001
Edinburgh under siege 1571-1573,Harry Potter,2003
HANGING IN JUDGEMENT,Harry. Potter,1993
Blood Feud,Harry Potter,2002
The Severn Gorge,Harry Potter,1986
EDINBURGH UNDER SIEGE 1571-1573,HARRY POTTER,
In thy heart's garden,Harry Potter,1917
Hanging in judgment,Harry Potter,1993
Harry Potter and the Philosopher's Stone,J. K. Rowling,1997
Highlights from Harry Potter,Michael Story,2000
Harry Potter Poster Book,Rick DeMonico,2001
Harry Potter and the Chamber of Secrets,J. K. Rowling,1998
Females and Harry Potter,Ruthann Mayes-Elma,2006
Harry Potter's bookshelf,John Granger,2009
Re-reading Harry Potter,Suman Gupta,2009
RE-READING HARRY POTTER,Suman Gupta,2003
Harry Potter - Personajes Encantados,J. K. Rowling,2001
Harry Potter - Hogwarts Colegio,J. K. Rowling,2001
Pokemon & Harry Potter,Phil Arms,2000
Harry Potter Deluxe Stationery,,2001
Harry Potter Fanclub Pack,,1998
Harry Potter-Symphonic Suite,,1999
Harry Potter Bookmarks Prepack,,2000
Harry Potter 2002 Calendar,,2001
The Harry Potter Collection,,1998
Mon pote Harry Potter,Antoine Guillemain,2002
L'Enchantement Harry Potter,Benoit Virole,2002
Harry Potter Online Directory,JLJ Marketing,2003
Harry Potter's World,Elizabeth E. Heilman,2003
Harry Potter Flipbook,Scholastic Inc.,2007
Harry Potter Adventure Journal,Cedco Publishing,2001
Harry Potter Friendship Journal,Cedco Publishing,2001
Harry Potter Golden Snitch,Running Press,2006
Harry Potter and Torah,Dov Krulwich,2007
The Harry Potter Companion,Acascias Riphouse,2004
Harry Potter. Sticken,Bettina Grabis,2002
Harry Potter II Mini,Delta Education,2004
Harry Potter 2003,Granica,2002
Harry Potter Summer,zzz,2000
Harry Potter 2006 Calendar,,2005
Harry Potter Journal,,2000
Harry Potter Metal Bookmark,,
Harry Potter Box,,2003
Harry Potter Literature Guide,,2000
Harry Potter Metal Bookmark,,
Harry Potter Journal,,2000
Harry Potter calendar.,,2000
Harry Potter Note Cards,,2001
Harry Potter Bookmark,,2003
Harry Potter Stationery Kit,,2000
Harry Potter Pop- Up.,,2001
Harry Potter Sticker Book,,2001
Highlights From Harry Potter,,2001
Harry Potter Hogwarts School,Willabel L. Tong,2001
Themes from Harry Potter,Paul Cook,2001
Filosofando con Harry Potter,Laura Anna Macor,2011
Filosofando con Harry Potter,Laura Anna Macor,2011
Effetto Harry Potter,Francesca Barbolini,2010
